<?xml version="1.0" encoding="UTF-8"?>
<!DOCTYPE suite SYSTEM "http://testng.org/testng-1.0.dtd">
<suite name="Suite">
  <test thread-count="5" name="HTTPMethodTest">
    <classes>
      <class name="com.qa.test.PatchMethodTest"/>
      <class name="com.qa.test.PostMethodTest"/>
      <class name="com.qa.test.OptionsMethodTest"/>
      <class name="com.qa.test.DeleteMethodTest"/>
      <class name="com.qa.test.PutMethodTest"/>
      <class name="com.qa.test.GetMethodTest"/>
      <class name="com.qa.test.HeadMethodTest"/>
    </classes>
  </test> <!-- HTTPMethodTest -->
</suite> <!-- Suite -->
